Crash ID,year,latitude,longitude,deaths,serious_injuries
16894452,2019,29.36159499,-98.53814231,0,1
16916156,2019,29.6062506,-98.60210934,1,0
16964805,2019,29.53716015,-98.41105388,0,1
16996219,2019,29.45480497,-98.49738231,0,1
17024884,2019,29.42507497,-98.46405871,1,0
17103621,2019,29.4095043,-98.49656952,0,1
17134787,2019,29.39891936,-98.5307394,0,1
17199950,2019,29.40150984,-98.53737019,0,1
17213977,2019,29.42667497,-98.51100231,0,1
17234298,2019,29.40722902,-98.58267974,1,0
17280414,2019,29.42634497,-98.45455232,0,1
17322062,2019,29.38618305,-98.5331005,0,1
17359127,2019,29.4663284,-98.51365563,0,1
17373324,2019,29.51749804,-98.46642398,1,0
17380716,2019,29.49903496,-98.50808726,1,0
17390501,2019,29.53320128,-98.38946564,0,1
17415254,2019,29.42165498,-98.67219227,0,1
17496702,2020,29.3683242,-98.51076958,0,1
17599189,2020,29.36129498,-98.42678233,0,1
17615543,2020,29.55162208,-98.58590257,0,1
17684424,2020,29.56542051,-98.52008573,0,1
17713081,2020,29.37762498,-98.49976231,0,1
17731848,2020,29.45424497,-98.5282523,0,1
17894107,2020,29.49477755,-98.55505354,0,1
17911700,2020,29.33597057,-98.46433612,0,1
17967400,2020,29.44212543,-98.54107531,1,0
17977482,2020,29.43916215,-98.45297548,0,1
18038055,2020,,,0,1
18062168,2021,29.48739497,-98.5259923,1,0
18219091,2021,29.40518198,-98.51069511,0,1
18294460,2021,29.52373955,-98.59985747,1,0
18365259,2021,29.44849497,-98.59753269,0,1
18372962,2021,29.43616497,-98.48934231,0,1
18421269,2021,,,0,1
18428041,2021,29.41985497,-98.51879231,0,1
18467484,2021,29.32007122,-98.5529911,1,0
18503559,2021,29.41343497,-98.43346233,0,1
18534629,2021,29.57531557,-98.59897666,0,1
18551745,2021,29.40198498,-98.5337923,0,1
18553395,2021,29.39909435,-98.52830543,0,1
18593918,2021,29.5103035,-98.39775085,0,1
18708242,2022,29.40936227,-98.66977366,0,1
18709422,2022,29.57707495,-98.63181227,0,1
18721080,2022,29.38740484,-98.40458014,0,1
18757623,2022,29.51927345,-98.63720612,1,0
18759019,2022,29.51266624,-98.6898746,0,1
18798111,2022,29.39700521,-98.64950077,1,0
18799998,2022,29.54070835,-98.42120125,0,1
18806443,2022,29.35161499,-98.52312231,0,1
18814002,2022,29.51586454,-98.4362815,1,0
18830960,2022,,,0,1
18831242,2022,29.48814496,-98.49237085,1,0
18843241,2022,29.48012073,-98.65785939,0,1
18903145,2022,29.46106497,-98.52260231,0,1
18927000,2022,29.33724499,-98.5596723,0,1
18946663,2022,29.49373496,-98.69201226,0,1
18966371,2022,29.48723909,-98.40251265,1,0
18984287,2022,29.43098497,-98.44992232,0,1
19041154,2022,29.50637022,-98.56333036,0,1
19054952,2022,29.44030546,-98.48366161,1,0
19066936,2022,29.54690515,-98.36675117,0,1
19121688,2022,29.33858499,-98.60216229,0,1
19259219,2022,29.54546081,-98.36931882,0,1
19272853,2022,29.44849497,-98.5973564,0,1
19362767,2023,29.37325619,-98.55565366,0,1
19370941,2023,29.46155496,-98.49930231,0,1
19419926,2023,29.44475822,-98.47770736,0,1
19464306,2023,29.404766,-98.55699587,1,0
19468366,2023,29.43041497,-98.48518232,0,1
19491636,2023,29.38414498,-98.46725412,0,1
19497412,2023,29.50886351,-98.38049952,0,1
19530268,2023,29.34144924,-98.55623709,1,0
19554425,2023,29.39530362,-98.43190872,1,0
19600744,2023,29.42418461,-98.48998295,0,1
19608790,2023,29.52092289,-98.39450231,1,0
19626887,2023,29.40548824,-98.40545688,0,1
19686223,2023,29.41574119,-98.55770537,1,0
19719079,2023,29.35453025,-98.40095862,0,1
19728812,2023,29.51471393,-98.55667914,0,1
19737375,2023,29.51728495,-98.48535842,0,1
19740816,2023,29.43936497,-98.57573229,0,1
19781274,2023,29.38513335,-98.47045164,1,0
19812918,2023,29.56280494,-98.38291234,0,1
19843892,2023,29.40385497,-98.46123232,0,1
19846203,2023,29.60756736,-98.52708669,1,0
19886479,2023,29.50848896,-98.37026704,0,1
19980922,2024,29.42693866,-98.57229298,0,1
20013870,2024,29.35621499,-98.61564229,0,1
20033596,2024,29.35722192,-98.62218643,0,1
20037935,2024,29.33556181,-98.45349578,1,0
20043829,2024,29.42703497,-98.5608123,0,1
20045954,2024,29.29682737,-98.47608232,0,1
20046105,2024,29.56444097,-98.48247293,0,1
20047884,2024,29.28304454,-98.3991035,0,1
20073977,2024,29.43353641,-98.48730098,0,1
20121055,2024,29.52886495,-98.50050231,0,1
20123688,2024,29.394747,-98.65807517,0,1
20154176,2024,29.52050745,-98.50504964,0,1
20198215,2024,29.44947264,-98.42342232,0,1
20202028,2024,29.45993496,-98.49932231,0,1
20258650,2024,29.4495974,-98.52437231,1,0
20270302,2024,29.35385877,-98.42407344,1,0
20298414,2024,29.43085497,-98.62579228,0,1
20334599,2024,29.32321145,-98.43291037,1,0
20340999,2024,29.51089606,-98.40697059,0,1
20364680,2024,29.49409637,-98.70474457,0,1
20366218,2024,29.37335801,-98.51531817,0,1
20368088,2024,29.44051363,-98.4806191,0,1
20375061,2024,29.43092802,-98.56331164,1,0
20382379,2024,29.54736443,-98.37478225,0,1
20389091,2024,29.48804996,-98.59686729,1,0
20397058,2024,29.49893293,-98.56460433,0,1
20407728,2024,29.32298807,-98.47818074,0,1
20412096,2024,,,0,1
20413497,2024,29.37302303,-98.48150108,0,1
20439104,2024,29.34466499,-98.50387231,0,1
20467405,2024,29.42646497,-98.48974231,0,1
20479259,2024,29.39884952,-98.51311581,0,1
20492452,2024,29.42643497,-98.49315231,0,1
20502122,2024,29.47977418,-98.54125559,0,1
20504324,2024,29.43980291,-98.52752969,0,1
20558764,2024,29.34276701,-98.55330563,0,1
20559642,2024,29.49400496,-98.43505726,0,1
20560362,2024,29.42584497,-98.46563232,0,1
20580237,2024,29.55903494,-98.46150232,0,1
20606789,2025,29.31085991,-98.4742475,0,1
20676091,2025,29.49735581,-98.34922439,0,1
20684528,2025,29.49655495,-98.38905701,0,1
20709191,2025,29.42989497,-98.5658323,1,0
20712851,2025,29.48565497,-98.59377229,0,1
20735073,2025,29.55519135,-98.38255314,1,0
20750252,2025,29.43018497,-98.47326232,0,1
20805389,2025,29.35671904,-98.48670972,0,1
20869086,2025,29.43183804,-98.47969395,0,1
20917180,2025,29.40197626,-98.40543973,0,1
21003710,2025,29.35589232,-98.56267756,0,1
21021506,2025,29.55554836,-98.40636892,0,1
21060036,2025,29.44064497,-98.49298231,0,1
21104484,2025,29.39352848,-98.36478876,1,0
21113355,2025,29.57241495,-98.61738228,0,1
21125390,2025,29.42347391,-98.38914769,0,1
21180050,2025,29.35116227,-98.4886296,0,1
21197540,2025,29.39891498,-98.52815231,1,0
21206071,2025,29.50802073,-98.36986914,1,0
21261878,2026,29.54537973,-98.38366251,0,1
21262641,2026,29.36660498,-98.5514723,0,1
21271110,2026,29.45573497,-98.5327723,1,0
21298533,2026,29.44777273,-98.42813252,0,1
21352841,2026,29.46633497,-98.60250228,0,1
21369195,2025,29.40936597,-98.49632716,0,1
21395671,2026,29.40583635,-98.50959436,0,1
21411305,2026,29.42693497,-98.52582231,0,2
21414702,2026,29.41296526,-98.43180267,0,1
21437935,2026,29.41707498,-98.5632623,0,1
21446395,2026,29.45132497,-98.48610231,0,1
21459853,2026,29.39453232,-98.43647233,0,1
21465558,2026,29.36048498,-98.49255232,0,1
21479841,2026,29.44402497,-98.47394232,0,1
21503340,2026,,,0,1
21509355,2026,29.38880528,-98.52187189,0,1
21514753,2026,29.41970475,-98.53489911,0,1
21528273,2026,29.39248549,-98.48641941,0,1
21595619,2026,29.44912207,-98.6026504,0,1
21599599,2026,29.42655497,-98.52125231,0,1
21613516,2026,29.49874029,-98.4237048,0,1
